Loss;Optimizer;Epochs;Batch Size;MSE;MAE;RMSE;R2_Score
mae;adam;10;10;0.16465449383330039;0.3528822347420414;0.40577640867021875;-2.4292045738230423
mae;adam;10;30;0.1110067092074543;0.2768051774161203;0.33317669367387376;-1.3118999431903728
mae;adam;30;10;0.09933945260691072;0.26923412206221603;0.31518161844706416;-1.0689098566941158
mae;adam;30;30;0.0997991496348353;0.26912778387264336;0.3159100340838121;-1.078483814343445
