autoregressive(p);diferencial(d);media(q);MAE;MSE;RMSE
0.0;1.0;0.0;0.04240802675585285;0.0033197324414715695;0.057617119343746866
0.0;0.0;1.0;0.20625690489926662;0.061603544021855944;0.24820061245262057
0.0;1.0;0.0;0.04240802675585285;0.0033197324414715695;0.057617119343746866
0.0;1.0;1.0;0.0429620744700194;0.0033569982453651092;0.05793960860555678
1.0;0.0;0.0;0.042442756847528934;0.003320480115418051;0.05762360727530038
1.0;0.0;1.0;0.04295714785316318;0.0033625367924412703;0.05798738476980377
1.0;1.0;0.0;0.04292818429013384;0.0033588072375127665;0.05795521751760377
1.0;1.0;1.0;0.04302108335282317;0.003351764651769802;0.05789442677641607
