autoregressive(p);diferencial(d);media(q);MAE;MSE;RMSE
1.0;0.0;0.0;0.0538262583149233;0.0057910347608062405;0.07609884861682363
0.0;0.0;1.0;0.21023049869731764;0.06440344290999563;0.25377833420131757
0.0;1.0;0.0;0.05434210526315786;0.00579342105263157;0.07611452589769951
0.0;1.0;1.0;0.05433132033559828;0.00579915755752948;0.0761521999520006
1.0;0.0;0.0;0.0538262583149233;0.0057910347608062405;0.07609884861682363
1.0;0.0;1.0;0.05384740928784287;0.005800896739625006;0.07616361821516232
1.0;1.0;0.0;0.054333242094436754;0.005797928720318133;0.07614413122702322
1.0;1.0;1.0;0.056748223332596485;0.005979138599369579;0.0773248899085513
