autoregressive(p);diferencial(d);media(q);MAE;MSE;RMSE
1.0;0.0;0.0;0.05382625868886211;0.005791034854537311;0.07609884923267442
0.0;0.0;1.0;0.21023051456652397;0.06440344636929533;0.25377834101691055
0.0;1.0;0.0;0.05434210526315786;0.00579342105263157;0.07611452589769951
0.0;1.0;1.0;0.05433131880092809;0.005799157861445019;0.07615220194744876
1.0;0.0;0.0;0.05382625868886211;0.005791034854537311;0.07609884923267442
1.0;0.0;1.0;0.053847408065165914;0.005800896751068041;0.07616361829028372
1.0;1.0;0.0;0.054333242094121124;0.005797928720284747;0.076144131226804
1.0;1.0;1.0;0.05674881909209366;0.005979188309148145;0.07732521134240854
