autoregressive(p);diferencial(d);media(q);MAE;MSE;RMSE
0.0;0.0;0.0;0.21421632672905033;0.07127475957370819;0.26697333120315253
0.0;0.0;1.0;0.1204701946262591;0.02290532402704399;0.15134504956239564
0.0;1.0;0.0;0.029625850340136026;0.001707142857142858;0.04131758532565593
0.0;1.0;1.0;0.029782149912671366;0.0016938097015013118;0.04115591939808066
1.0;0.0;0.0;0.029685700686088598;0.0017043849482528154;0.041284197318741896
1.0;0.0;1.0;0.02973866889886068;0.001693582947869321;0.04115316449398905
1.0;1.0;0.0;0.029799555501430864;0.0016900756818124378;0.04111053005997901
1.0;1.0;1.0;0.02973657144862178;0.001672251201059047;0.04089316814651375
