autoregressive(p);diferencial(d);media(q);MAE;MSE;RMSE
0.0;1.0;0.0;0.04240802675585285;0.0033197324414715695;0.057617119343746866
0.0;0.0;1.0;0.20625690490088477;0.061603544022525325;0.24820061245396902
0.0;1.0;0.0;0.04240802675585285;0.0033197324414715695;0.057617119343746866
0.0;1.0;1.0;0.04296207582661282;0.0033569982821465916;0.057939608922969024
1.0;0.0;0.0;0.04244275659570502;0.003320480089542816;0.057623607050780984
1.0;0.0;1.0;0.04295709637168011;0.003362535010234762;0.0579873694026101
1.0;1.0;0.0;0.042928184288899544;0.003358807237361348;0.057955217516297425
1.0;1.0;1.0;0.04302116614655429;0.00335177604222676;0.05789452514898762
