autoregressive(p);diferencial(d);media(q);MAE;MSE;RMSE
0.0;1.0;0.0;10.46991061452513;213.84835752513914;14.623554886727753
0.0;0.0;1.0;82.80671451174828;9123.553979244763;95.51729675427778
0.0;1.0;0.0;10.46991061452513;213.84835752513914;14.623554886727753
0.0;1.0;1.0;10.470596489009969;214.26594963616256;14.637825987357637
1.0;0.0;0.0;10.47880765266991;215.19902022959567;14.669663262310955
1.0;0.0;1.0;10.492581848171724;216.10572042057353;14.7005346984582
1.0;1.0;0.0;10.470455413979098;214.23232071198643;14.636677242871293
1.0;1.0;1.0;10.486560272567639;214.6731103201437;14.65172721286278
