autoregressive(p);diferencial(d);media(q);MAE;MSE;RMSE
1.0;0.0;0.0;9.110206227466527;167.6135251200445;12.946564220674322
0.0;0.0;1.0;41.01022869919454;2996.025035443085;54.735957426933574
0.0;1.0;0.0;9.120971751412421;168.83552917514135;12.993672659226926
0.0;1.0;1.0;9.15447681016516;169.629882664346;13.024203724771278
1.0;0.0;0.0;9.110206227466527;167.6135251200445;12.946564220674322
1.0;0.0;1.0;9.129157898411693;168.1777669248085;12.968337091732637
1.0;1.0;0.0;9.149797145314572;169.48545660142702;13.018658018452863
1.0;1.0;1.0;9.163793707060801;170.44507974120714;13.055461682422692
