autoregressive(p);diferencial(d);media(q);MAE;MSE;RMSE
1.0;1.0;1.0;0.39377758709810057;0.2990756309661295;0.5468780768746627
0.0;0.0;1.0;2.8399005455310378;9.244951360187917;3.0405511605937363
0.0;1.0;0.0;0.40203351955307165;0.3083145810055863;0.5552608225019898
0.0;1.0;1.0;0.40195520857344497;0.3080212515887797;0.5549966230426809
1.0;0.0;0.0;0.4015137033785621;0.3098676097024202;0.5566575335899265
1.0;0.0;1.0;0.40181074817171814;0.3097903997415478;0.5565881778672161
1.0;1.0;0.0;0.4019678208108014;0.30801911048562897;0.5549946941058347
1.0;1.0;1.0;0.39377758709810057;0.2990756309661295;0.5468780768746627
