Loss;Optimizer;Epochs;Batch Size;MSE;MAE;RMSE;R2_Score
mae;adam;10;10;0.1851374929978719;0.3372500978846128;0.43027606602955726;-2.8557972090163157
mae;adam;10;30;0.16357723523259238;0.33676601812142093;0.4044468262115459;-2.406768865967549
mae;adam;30;10;0.09513118439244343;0.24817514821785652;0.30843343591842215;-0.9812656492816192
mae;adam;30;30;0.09974450666153789;0.2597557074358675;0.3158235372190266;-1.0773457832481719
