Loss;Optimizer;Epochs;Batch Size;MSE;MAE;RMSE;R2_Score
mae;adam;10;10;0.3462987127250048;0.47287697837466286;0.5884715054486537;-6.212248520759459
mae;adam;10;30;0.18369773624916882;0.3431399389513496;0.42859973897468584;-2.8258118723704557
mae;adam;30;10;0.1408208703899564;0.3136721470891214;0.3752610696434635;-1.9328295972284963
mae;adam;30;30;0.12444592393317694;0.2939207841263337;0.3527689384472178;-1.5917940143032832
