p;q;MAE;MSE;RMSE
1.0;1.0;109.46698887589075;11983.47289568513;109.46904994419715
1.0;2.0;109.54881297147901;12001.416538268892;109.55097689326595
2.0;1.0;109.53418450440378;11998.166885206483;109.53614419545032
2.0;2.0;109.56291519004239;12004.488854663878;109.56499830997068
